INSERT INTO public.address (id_address, city, house_number, street, zip_code) VALUES (nextval('address_id_address_seq'), 'Holice', 315, 'Nad Splavem', '53401');
INSERT INTO public.address (id_address, city, house_number, street, zip_code) VALUES (nextval('address_id_address_seq'), 'Holice', 325, 'Nad Splavem', '53401');
INSERT INTO public.address (id_address, city, house_number, street, zip_code) VALUES (nextval('address_id_address_seq'), 'Pardubice', 972, 'Emy Destinnové', '53201');
INSERT INTO public.address (id_address, city, house_number, street, zip_code) VALUES (nextval('address_id_address_seq'), 'Praha', 136, 'Boženy Němcové', '14100');
INSERT INTO public.address (id_address, city, house_number, street, zip_code) VALUES (nextval('address_id_address_seq'), 'Vsetín', 6, 'Sedličky', '75501');
INSERT INTO public.address (id_address, city, house_number, street, zip_code) VALUES (nextval('address_id_address_seq'), 'Hradec Králové', 182, 'Pražské předměstí', '50006');
INSERT INTO public.address (id_address, city, house_number, street, zip_code) VALUES (nextval('address_id_address_seq'), 'Pardubice', 467, 'Revoluční', '53201');
INSERT INTO public.address (id_address, city, house_number, street, zip_code) VALUES (nextval('address_id_address_seq'), 'Brno', 2, 'Technická', '61669');
INSERT INTO public.address (id_address, city, house_number, street, zip_code) VALUES (nextval('address_id_address_seq'), 'Brno', 95, 'Babí', '61400');
INSERT INTO public.address (id_address, city, house_number, street, zip_code) VALUES (nextval('address_id_address_seq'), 'Holice', 232, 'Husova', '53401');
INSERT INTO public.address (id_address, city, house_number, street, zip_code) VALUES (nextval('address_id_address_seq'), 'Plzeň', 20, 'Škroupova', '30632');
INSERT INTO public.address (id_address, city, house_number, street, zip_code) VALUES (nextval('address_id_address_seq'), 'Plzeň', 150, 'Blodkova', '30632');
INSERT INTO public.address (id_address, city, house_number, street, zip_code) VALUES (nextval('address_id_address_seq'), 'Plzeň', 152, 'Blodkova', '30632');
INSERT INTO public.address (id_address, city, house_number, street, zip_code) VALUES (nextval('address_id_address_seq'), 'Plzeň', 47, 'Kaštanová', '30632');
INSERT INTO public.address (id_address, city, house_number, street, zip_code) VALUES (nextval('address_id_address_seq'), 'Plzeň', 289, 'Husova', '30632');
INSERT INTO public.address (id_address, city, house_number, street, zip_code) VALUES (nextval('address_id_address_seq'), 'Plzeň', 932, 'Tikova', '30632');
INSERT INTO public.address (id_address, city, house_number, street, zip_code) VALUES (nextval('address_id_address_seq'), 'Plzeň', 491, 'Husova', '30632');
INSERT INTO public.address (id_address, city, house_number, street, zip_code) VALUES (nextval('address_id_address_seq'), 'Plzeň', 974, 'Školní', '30632');
INSERT INTO public.address (id_address, city, house_number, street, zip_code) VALUES (nextval('address_id_address_seq'), 'Plzeň', 976, 'Školní', '30632');
INSERT INTO public.address (id_address, city, house_number, street, zip_code) VALUES (nextval('address_id_address_seq'), 'Plzeň', 657, 'Hronova', '30632');
INSERT INTO public.address (id_address, city, house_number, street, zip_code) VALUES (nextval('address_id_address_seq'), 'Plzeň', 114, 'Na Poříčí', '30632');
INSERT INTO public.address (id_address, city, house_number, street, zip_code) VALUES (nextval('address_id_address_seq'), 'Hradec Králové', 196, 'Pražské předměstí', '50006');
INSERT INTO public.address (id_address, city, house_number, street, zip_code) VALUES (nextval('address_id_address_seq'), 'Hradec Králové', 754, 'Nový Hradec', '50006');
INSERT INTO public.address (id_address, city, house_number, street, zip_code) VALUES (nextval('address_id_address_seq'), 'Hradec Králové', 97, 'Pardubická', '50006');
INSERT INTO public.address (id_address, city, house_number, street, zip_code) VALUES (nextval('address_id_address_seq'), 'Hradec Králové', 628, 'Govorova', '50006');
INSERT INTO public.address (id_address, city, house_number, street, zip_code) VALUES (nextval('address_id_address_seq'), 'Hradec Králové', 159, 'Rokycanova', '50006');
INSERT INTO public.address (id_address, city, house_number, street, zip_code) VALUES (nextval('address_id_address_seq'), 'Lanškroun', 514, 'Pod Lípou', '56301');
INSERT INTO public.address (id_address, city, house_number, street, zip_code) VALUES (nextval('address_id_address_seq'), 'Lanškroun', 154, 'Pražské předměstí', '56301');
INSERT INTO public.address (id_address, city, house_number, street, zip_code) VALUES (nextval('address_id_address_seq'), 'Lanškroun', 419, 'Zámecká', '56301');
INSERT INTO public.address (id_address, city, house_number, street, zip_code) VALUES (nextval('address_id_address_seq'), 'Lanškroun', 708, 'Jiráskova', '56301');
INSERT INTO public.address (id_address, city, house_number, street, zip_code) VALUES (nextval('address_id_address_seq'), 'Pardubice', 1530, 'Mahonova', '53201');
INSERT INTO public.address (id_address, city, house_number, street, zip_code) VALUES (nextval('address_id_address_seq'), 'Pardubice', 1284, 'Přemyslova', '53201');
INSERT INTO public.address (id_address, city, house_number, street, zip_code) VALUES (nextval('address_id_address_seq'), 'Pardubice', 485, 'Albertova', '53201');
INSERT INTO public.address (id_address, city, house_number, street, zip_code) VALUES (nextval('address_id_address_seq'), 'Pardubice', 71, 'Tyršova', '53201');
INSERT INTO public.address (id_address, city, house_number, street, zip_code) VALUES (nextval('address_id_address_seq'), 'Pardubice', 829, 'Kladská', '53201');
INSERT INTO public.address (id_address, city, house_number, street, zip_code) VALUES (nextval('address_id_address_seq'), 'Prachatice', 103, 'Pražská', '38301');
INSERT INTO public.address (id_address, city, house_number, street, zip_code) VALUES (nextval('address_id_address_seq'), 'Albrechtice nad Orlicí', 128, 'V Kopečku', '51722');
INSERT INTO public.address (id_address, city, house_number, street, zip_code) VALUES (nextval('address_id_address_seq'), 'Albrechtice nad Orlicí', 824, 'Nad Stávkem', '51722');
INSERT INTO public.address (id_address, city, house_number, street, zip_code) VALUES (nextval('address_id_address_seq'), 'Albrechtice nad Orlicí', 228, 'Na Pomezí', '51722');
INSERT INTO public.address (id_address, city, house_number, street, zip_code) VALUES (nextval('address_id_address_seq'), 'Albrechtice nad Orlicí', 128, 'T. G. Masaryka', '51722');
INSERT INTO public.address (id_address, city, house_number, street, zip_code) VALUES (nextval('address_id_address_seq'), 'Brno', 7, 'Masarykova 4', '234asd');
INSERT INTO public.address (id_address, city, house_number, street, zip_code) VALUES (nextval('address_id_address_seq'), 'Brno', 7, 'Masarykova 4', '234asd');


--
-- TOC entry 2243 (class 0 OID 18024)
-- Dependencies: 200
-- Data for Name: contact_type; Type: TABLE DATA; Schema: public; Owner: postgres
--

INSERT INTO public.contact_type (id_contact_type, title) VALUES (nextval('contact_type_id_contact_type_seq'), 'icq');
INSERT INTO public.contact_type (id_contact_type, title) VALUES (nextval('contact_type_id_contact_type_seq'), 'mail');
INSERT INTO public.contact_type (id_contact_type, title) VALUES (nextval('contact_type_id_contact_type_seq'), 'skype');
INSERT INTO public.contact_type (id_contact_type, title) VALUES (nextval('contact_type_id_contact_type_seq'), 'tel');


--
-- TOC entry 2247 (class 0 OID 18037)
-- Dependencies: 204
-- Data for Name: person; Type: TABLE DATA; Schema: public; Owner: postgres
--

INSERT INTO public.person (id_person, age, birthday, email, first_name, nickname, pwd, surname, id_address) VALUES (nextval('person_id_person_seq'), 64, '1968-09-06', 'radek.kruta@seznam.cz', 'Radek', 'kruťas', '$2a$10$FBkFi8IYnzpBlq2yTwoabO6NTixhYmlLfu5xbrJEzAhyWmKpbGz.6', 'Krůta', 34);
INSERT INTO public.person (id_person, age, birthday, email, first_name, nickname, pwd, surname, id_address) VALUES (nextval('person_id_person_seq'), 24, '1984-12-06', 'tomas.lorenc@seznam.cz', 'Tomáš', 'Lorenc', '$2a$10$FBkFi8IYnzpBlq2yTwoabO6NTixhYmlLfu5xbrJEzAhyWmKpbGz.6', 'Lorenc', 2);
INSERT INTO public.person (id_person, age, birthday, email, first_name, nickname, pwd, surname, id_address) VALUES (nextval('person_id_person_seq'), 25, '1982-01-20', 'milan.hruda@seznam.cz', 'Milan', 'Hrudík', '$2a$10$FBkFi8IYnzpBlq2yTwoabO6NTixhYmlLfu5xbrJEzAhyWmKpbGz.6', 'Hruda', 3);
INSERT INTO public.person (id_person, age, birthday, email, first_name, nickname, pwd, surname, id_address) VALUES (nextval('person_id_person_seq'), 28, '1983-05-25', 'david.kunz@seznam.cz', 'David', 'Smeták', '$2a$10$FBkFi8IYnzpBlq2yTwoabO6NTixhYmlLfu5xbrJEzAhyWmKpbGz.6', 'Kunz', 4);
INSERT INTO public.person (id_person, age, birthday, email, first_name, nickname, pwd, surname, id_address) VALUES (nextval('person_id_person_seq'), 31, '1980-03-09', 'michal.zednik@seznam.cz', 'Michal', 'Zedňas', '$2a$06$cjXTOlpy.GZULB/atthy3.i/QkJjwBkUxXYAsdGoIHBo9lMm9x6te', 'Zedník', 5);
INSERT INTO public.person (id_person, age, birthday, email, first_name, nickname, pwd, surname, id_address) VALUES (nextval('person_id_person_seq'), 40, '1982-10-20', 'jaroslav.zemek@seznam.cz', 'Jaroslav', 'Zemák', '$2a$06$cjXTOlpy.GZULB/atthy3.i/QkJjwBkUxXYAsdGoIHBo9lMm9x6te', 'Zemek', 6);
INSERT INTO public.person (id_person, age, birthday, email, first_name, nickname, pwd, surname, id_address) VALUES (nextval('person_id_person_seq'), 38, '1979-10-11', 'tomas.tomasik@seznam.cz', 'Tomáš', 'Tomák', '$2a$06$cjXTOlpy.GZULB/atthy3.i/QkJjwBkUxXYAsdGoIHBo9lMm9x6te', 'Tomašík', 7);
INSERT INTO public.person (id_person, age, birthday, email, first_name, nickname, pwd, surname, id_address) VALUES (nextval('person_id_person_seq'), 16, '1986-04-29', 'radek.veleba@seznam.cz', 'Radek', 'Velebník', '$2a$06$cjXTOlpy.GZULB/atthy3.i/QkJjwBkUxXYAsdGoIHBo9lMm9x6te', 'Veleba', 8);
INSERT INTO public.person (id_person, age, birthday, email, first_name, nickname, pwd, surname, id_address) VALUES (nextval('person_id_person_seq'), 14, '1982-02-24', 'radovan.stupka@seznam.cz', 'Radovan', 'Stupík', '$2a$06$cjXTOlpy.GZULB/atthy3.i/QkJjwBkUxXYAsdGoIHBo9lMm9x6te', 'Stupka', 9);
INSERT INTO public.person (id_person, age, birthday, email, first_name, nickname, pwd, surname, id_address) VALUES (nextval('person_id_person_seq'), 13, '1981-05-13', 'jaroslav.mencik@seznam.cz', 'Jaroslav', 'Menča', '$2a$06$cjXTOlpy.GZULB/atthy3.i/QkJjwBkUxXYAsdGoIHBo9lMm9x6te', 'Menčík', 10);
INSERT INTO public.person (id_person, age, birthday, email, first_name, nickname, pwd, surname, id_address) VALUES (nextval('person_id_person_seq'), 15, '1984-06-14', 'miroslav.malinka@seznam.cz', 'Miroslav', 'Malina', '$2a$06$cjXTOlpy.GZULB/atthy3.i/QkJjwBkUxXYAsdGoIHBo9lMm9x6te', 'Malinka', 11);
INSERT INTO public.person (id_person, age, birthday, email, first_name, nickname, pwd, surname, id_address) VALUES (nextval('person_id_person_seq'), 17, '1985-07-27', 'lubomir.latal@seznam.cz', 'Lubomír', 'Látoš', '$2a$06$cjXTOlpy.GZULB/atthy3.i/QkJjwBkUxXYAsdGoIHBo9lMm9x6te', 'Látal', 10);
INSERT INTO public.person (id_person, age, birthday, email, first_name, nickname, pwd, surname, id_address) VALUES (nextval('person_id_person_seq'), 20, '1964-10-09', 'tomas.kubala@seznam.cz', 'Tomáš', 'Kubík', '$2a$06$cjXTOlpy.GZULB/atthy3.i/QkJjwBkUxXYAsdGoIHBo9lMm9x6te', 'Kubala', 12);
INSERT INTO public.person (id_person, age, birthday, email, first_name, nickname, pwd, surname, id_address) VALUES (nextval('person_id_person_seq'), 21, '1974-11-29', 'david.kalivoda@seznam.cz', 'David', 'Kalík', '$2a$06$cjXTOlpy.GZULB/atthy3.i/QkJjwBkUxXYAsdGoIHBo9lMm9x6te', 'Kalivoda', 13);
INSERT INTO public.person (id_person, age, birthday, email, first_name, nickname, pwd, surname, id_address) VALUES (nextval('person_id_person_seq'), 20, '1989-12-01', 'tomas.janda@seznam.cz', 'Tomáš', 'Smeták', '$2a$06$cjXTOlpy.GZULB/atthy3.i/QkJjwBkUxXYAsdGoIHBo9lMm9x6te', 'Janda', 14);
INSERT INTO public.person (id_person, age, birthday, email, first_name, nickname, pwd, surname, id_address) VALUES (nextval('person_id_person_seq'), 22, '1952-11-02', 'lubomir.fuchs@seznam.cz', 'Lubomír', 'Fucha', '$2a$06$cjXTOlpy.GZULB/atthy3.i/QkJjwBkUxXYAsdGoIHBo9lMm9x6te', 'Fuchs', 15);
INSERT INTO public.person (id_person, age, birthday, email, first_name, nickname, pwd, surname, id_address) VALUES (nextval('person_id_person_seq'), 21, '1980-12-20', 'stanislav.bartos@seznam.cz', 'Stanislav', 'Bárt', '$2a$06$cjXTOlpy.GZULB/atthy3.i/QkJjwBkUxXYAsdGoIHBo9lMm9x6te', 'Bartoš', 16);
INSERT INTO public.person (id_person, age, birthday, email, first_name, nickname, pwd, surname, id_address) VALUES (nextval('person_id_person_seq'), 28, '1942-07-16', 'svatoplu.benes@seznam.cz', 'Svatopluk', 'Beník', '$2a$06$cjXTOlpy.GZULB/atthy3.i/QkJjwBkUxXYAsdGoIHBo9lMm9x6te', 'Beneš', 17);
INSERT INTO public.person (id_person, age, birthday, email, first_name, nickname, pwd, surname, id_address) VALUES (nextval('person_id_person_seq'), 24, '1946-01-15', 'ondrej.ambros@seznam.cz', 'Ondřej', 'Ambřík', '$2a$06$cjXTOlpy.GZULB/atthy3.i/QkJjwBkUxXYAsdGoIHBo9lMm9x6te', 'Ambros', 18);
INSERT INTO public.person (id_person, age, birthday, email, first_name, nickname, pwd, surname, id_address) VALUES (nextval('person_id_person_seq'), 26, '1979-09-30', 'jaroslav.cermak@seznam.cz', 'Jaroslav', 'Čerma', '$2a$06$cjXTOlpy.GZULB/atthy3.i/QkJjwBkUxXYAsdGoIHBo9lMm9x6te', 'Čermák', 19);
INSERT INTO public.person (id_person, age, birthday, email, first_name, nickname, pwd, surname, id_address) VALUES (nextval('person_id_person_seq'), 25, '1982-06-19', 'jaroslava.cermakova@seznam.cz', 'Jaroslava', 'Jarča', '$2a$06$cjXTOlpy.GZULB/atthy3.i/QkJjwBkUxXYAsdGoIHBo9lMm9x6te', 'Čermáková', 19);
INSERT INTO public.person (id_person, age, birthday, email, first_name, nickname, pwd, surname, id_address) VALUES (nextval('person_id_person_seq'), 25, '1968-08-21', 'svatopluk.dupal@seznam.cz', 'Svatopluk', 'Dupi', '$2a$06$cjXTOlpy.GZULB/atthy3.i/QkJjwBkUxXYAsdGoIHBo9lMm9x6te', 'Dupal', 20);
INSERT INTO public.person (id_person, age, birthday, email, first_name, nickname, pwd, surname, id_address) VALUES (nextval('person_id_person_seq'), 25, '1975-11-18', 'ludek.hopersona@seznam.cz', 'Luděk', 'Hoperson', '$2a$06$cjXTOlpy.GZULB/atthy3.i/QkJjwBkUxXYAsdGoIHBo9lMm9x6te', 'Hopersona', 21);
INSERT INTO public.person (id_person, age, birthday, email, first_name, nickname, pwd, surname, id_address) VALUES (nextval('person_id_person_seq'), 24, '1978-05-26', 'lucie.hopersonova@seznam.cz', 'Lucie', 'Lusi', '$2a$06$cjXTOlpy.GZULB/atthy3.i/QkJjwBkUxXYAsdGoIHBo9lMm9x6te', 'Hopersonová', 21);
INSERT INTO public.person (id_person, age, birthday, email, first_name, nickname, pwd, surname, id_address) VALUES (nextval('person_id_person_seq'), 23, '1985-11-09', 'marketa.dankova@seznam.cz', 'Markéta', 'Daník', '$2a$06$cjXTOlpy.GZULB/atthy3.i/QkJjwBkUxXYAsdGoIHBo9lMm9x6te', 'Daňková', 22);
INSERT INTO public.person (id_person, age, birthday, email, first_name, nickname, pwd, surname, id_address) VALUES (nextval('person_id_person_seq'), 43, '1971-01-12', 'klara.judexova@seznam.cz', 'Klára', 'Emicka111', '$2a$06$cjXTOlpy.GZULB/atthy3.i/QkJjwBkUxXYAsdGoIHBo9lMm9x6te', 'Judexová', 23);
INSERT INTO public.person (id_person, age, birthday, email, first_name, nickname, pwd, surname, id_address) VALUES (nextval('person_id_person_seq'), 42, '1972-02-15', 'kristyna.kadlcikova@seznam.cz', 'Kristýna', 'Emiii4x4', '$2a$06$cjXTOlpy.GZULB/atthy3.i/QkJjwBkUxXYAsdGoIHBo9lMm9x6te', 'Kadlčíková', 24);
INSERT INTO public.person (id_person, age, birthday, email, first_name, nickname, pwd, surname, id_address) VALUES (nextval('person_id_person_seq'), 41, '1973-03-18', 'lada.kanyzova@seznam.cz', 'Lada', 'Helusska', '$2a$06$cjXTOlpy.GZULB/atthy3.i/QkJjwBkUxXYAsdGoIHBo9lMm9x6te', 'Kanýzová', 24);
INSERT INTO public.person (id_person, age, birthday, email, first_name, nickname, pwd, surname, id_address) VALUES (nextval('person_id_person_seq'), 45, '1974-04-25', 'lenka.kocmanova@seznam.cz', 'Lenka', 'hilary', '$2a$06$cjXTOlpy.GZULB/atthy3.i/QkJjwBkUxXYAsdGoIHBo9lMm9x6te', 'Kocmanová', 25);
INSERT INTO public.person (id_person, age, birthday, email, first_name, nickname, pwd, surname, id_address) VALUES (nextval('person_id_person_seq'), 46, '1975-05-01', 'lenka.kollarikova@seznam.cz', 'Lenka', 'Igneess', '$2a$06$cjXTOlpy.GZULB/atthy3.i/QkJjwBkUxXYAsdGoIHBo9lMm9x6te', 'Kollariková', 26);
INSERT INTO public.person (id_person, age, birthday, email, first_name, nickname, pwd, surname, id_address) VALUES (nextval('person_id_person_seq'), 41, '1981-10-24', 'lenka.kollmanova@seznam.cz', 'Lenka', 'katulka68', '$2a$06$cjXTOlpy.GZULB/atthy3.i/QkJjwBkUxXYAsdGoIHBo9lMm9x6te', 'Kollmannová', 27);
INSERT INTO public.person (id_person, age, birthday, email, first_name, nickname, pwd, surname, id_address) VALUES (nextval('person_id_person_seq'), 38, '1976-11-28', 'lenka.kovackova@seznam.cz', 'Lenka', 'kiikushka', '$2a$06$cjXTOlpy.GZULB/atthy3.i/QkJjwBkUxXYAsdGoIHBo9lMm9x6te', 'Kovačková', 28);
INSERT INTO public.person (id_person, age, birthday, email, first_name, nickname, pwd, surname, id_address) VALUES (nextval('person_id_person_seq'), 34, '1977-12-21', 'andrea.kollmanova@seznam.cz', 'Andrea', 'anďa', '$2a$06$cjXTOlpy.GZULB/atthy3.i/QkJjwBkUxXYAsdGoIHBo9lMm9x6te', 'Kollmannová', 29);
INSERT INTO public.person (id_person, age, birthday, email, first_name, nickname, pwd, surname, id_address) VALUES (nextval('person_id_person_seq'), 36, '1978-06-30', 'lenka.kozilkova@seznam.cz', 'Lenka', 'Kiiny', '$2a$06$cjXTOlpy.GZULB/atthy3.i/QkJjwBkUxXYAsdGoIHBo9lMm9x6te', 'Kozílková', 30);
INSERT INTO public.person (id_person, age, birthday, email, first_name, nickname, pwd, surname, id_address) VALUES (nextval('person_id_person_seq'), 38, '1979-12-31', 'lucie.kyzlinkova@seznam.cz', 'Lucie', 'kikin14', '$2a$06$cjXTOlpy.GZULB/atthy3.i/QkJjwBkUxXYAsdGoIHBo9lMm9x6te', 'Kyzlinková', 31);
INSERT INTO public.person (id_person, age, birthday, email, first_name, nickname, pwd, surname, id_address) VALUES (nextval('person_id_person_seq'), 36, '1980-05-16', 'lucie.macova@seznam.cz', 'Lucie', 'klokinka', '$2a$06$cjXTOlpy.GZULB/atthy3.i/QkJjwBkUxXYAsdGoIHBo9lMm9x6te', 'Mácová', 32);
INSERT INTO public.person (id_person, age, birthday, email, first_name, nickname, pwd, surname, id_address) VALUES (nextval('person_id_person_seq'), 34, '1965-02-12', 'eva.dolezalova@seznam.cz', 'Eva', 'barca.baran', '$2a$06$cjXTOlpy.GZULB/atthy3.i/QkJjwBkUxXYAsdGoIHBo9lMm9x6te', 'Doležalová', 33);
INSERT INTO public.person (id_person, age, birthday, email, first_name, nickname, pwd, surname, id_address) VALUES (nextval('person_id_person_seq'), 34, '1966-03-16', 'ilona.edinova@seznam.cz', 'Ilona', 'Barusha.K', '$2a$06$cjXTOlpy.GZULB/atthy3.i/QkJjwBkUxXYAsdGoIHBo9lMm9x6te', 'Edinová', 34);
INSERT INTO public.person (id_person, age, birthday, email, first_name, nickname, pwd, surname, id_address) VALUES (nextval('person_id_person_seq'), 35, '1967-09-08', 'jana.flochova@seznam.cz', 'Jana', 'Bedruna009', '$2a$06$cjXTOlpy.GZULB/atthy3.i/QkJjwBkUxXYAsdGoIHBo9lMm9x6te', 'Flochová', 35);
INSERT INTO public.person (id_person, age, birthday, email, first_name, nickname, pwd, surname, id_address) VALUES (nextval('person_id_person_seq'), 36, '1986-05-11', 'jana.formankova@seznam.cz', 'Jana', 'bedrunka6', '$2a$06$cjXTOlpy.GZULB/atthy3.i/QkJjwBkUxXYAsdGoIHBo9lMm9x6te', 'Formánková', 36);
INSERT INTO public.person (id_person, age, birthday, email, first_name, nickname, pwd, surname, id_address) VALUES (nextval('person_id_person_seq'), 32, '1982-07-07', 'jana.galiova@seznam.cz', 'Jana', 'brachysegra', '$2a$06$cjXTOlpy.GZULB/atthy3.i/QkJjwBkUxXYAsdGoIHBo9lMm9x6te', 'Galiová', 37);
INSERT INTO public.person (id_person, age, birthday, email, first_name, nickname, pwd, surname, id_address) VALUES (nextval('person_id_person_seq'), 31, '1985-01-13', 'katerina.hrdlickova@seznam.cz', 'Kateřina', 'Diddelinka', '$2a$06$cjXTOlpy.GZULB/atthy3.i/QkJjwBkUxXYAsdGoIHBo9lMm9x6te', 'Hrdličková', 39);
INSERT INTO public.person (id_person, age, birthday, email, first_name, nickname, pwd, surname, id_address) VALUES (nextval('person_id_person_seq'), 32, '1980-05-16', 'katerina.hruskova@seznam.cz', 'Kateřina', 'Dvarfka', '$2a$06$cjXTOlpy.GZULB/atthy3.i/QkJjwBkUxXYAsdGoIHBo9lMm9x6te', 'Hrušková', 40);


--
-- TOC entry 2241 (class 0 OID 18019)
-- Dependencies: 198
-- Data for Name: contact; Type: TABLE DATA; Schema: public; Owner: postgres
--

INSERT INTO public.contact (id_contact, contact, id_contact_type, id_person) VALUES (nextval('contact_id_contact_seq'), 'radekruta', 2, 1);
INSERT INTO public.contact (id_contact, contact, id_contact_type, id_person) VALUES (nextval('contact_id_contact_seq'), 'radekruta@seznam.cz', 4, 1);
INSERT INTO public.contact (id_contact, contact, id_contact_type, id_person) VALUES (nextval('contact_id_contact_seq'), 'tomas.lorenc', 2, 2);
INSERT INTO public.contact (id_contact, contact, id_contact_type, id_person) VALUES (nextval('contact_id_contact_seq'), 'tomas.lorenc@gmail.com', 4, 2);
INSERT INTO public.contact (id_contact, contact, id_contact_type, id_person) VALUES (nextval('contact_id_contact_seq'), 'hruda.milan', 2, 3);
INSERT INTO public.contact (id_contact, contact, id_contact_type, id_person) VALUES (nextval('contact_id_contact_seq'), 'hruda.milan@gmail.com', 4, 3);
INSERT INTO public.contact (id_contact, contact, id_contact_type, id_person) VALUES (nextval('contact_id_contact_seq'), 'smetak', 2, 4);
INSERT INTO public.contact (id_contact, contact, id_contact_type, id_person) VALUES (nextval('contact_id_contact_seq'), 'smetak@email.cz', 4, 4);
INSERT INTO public.contact (id_contact, contact, id_contact_type, id_person) VALUES (nextval('contact_id_contact_seq'), 'zednik.michal', 2, 5);
INSERT INTO public.contact (id_contact, contact, id_contact_type, id_person) VALUES (nextval('contact_id_contact_seq'), 'zednik.michal@seznam.cz', 4, 5);
INSERT INTO public.contact (id_contact, contact, id_contact_type, id_person) VALUES (nextval('contact_id_contact_seq'), 'zemek', 2, 6);
INSERT INTO public.contact (id_contact, contact, id_contact_type, id_person) VALUES (nextval('contact_id_contact_seq'), 'zemek@centrum.cz', 4, 6);
INSERT INTO public.contact (id_contact, contact, id_contact_type, id_person) VALUES (nextval('contact_id_contact_seq'), 'tomasik', 2, 7);
INSERT INTO public.contact (id_contact, contact, id_contact_type, id_person) VALUES (nextval('contact_id_contact_seq'), 'tomasik.tom@centrum.cz', 4, 7);
INSERT INTO public.contact (id_contact, contact, id_contact_type, id_person) VALUES (nextval('contact_id_contact_seq'), '72448217', 1, 8);
INSERT INTO public.contact (id_contact, contact, id_contact_type, id_person) VALUES (nextval('contact_id_contact_seq'), 'velebnik', 2, 8);
INSERT INTO public.contact (id_contact, contact, id_contact_type, id_person) VALUES (nextval('contact_id_contact_seq'), '724548217', 3, 8);
INSERT INTO public.contact (id_contact, contact, id_contact_type, id_person) VALUES (nextval('contact_id_contact_seq'), 'velebnik@gmail.com', 4, 8);
INSERT INTO public.contact (id_contact, contact, id_contact_type, id_person) VALUES (nextval('contact_id_contact_seq'), '72552711', 1, 9);
INSERT INTO public.contact (id_contact, contact, id_contact_type, id_person) VALUES (nextval('contact_id_contact_seq'), 'stupik', 2, 9);
INSERT INTO public.contact (id_contact, contact, id_contact_type, id_person) VALUES (nextval('contact_id_contact_seq'), '725852711', 3, 9);
INSERT INTO public.contact (id_contact, contact, id_contact_type, id_person) VALUES (nextval('contact_id_contact_seq'), 'stupik@gmail.com', 4, 9);
INSERT INTO public.contact (id_contact, contact, id_contact_type, id_person) VALUES (nextval('contact_id_contact_seq'), '96525542', 1, 10);
INSERT INTO public.contact (id_contact, contact, id_contact_type, id_person) VALUES (nextval('contact_id_contact_seq'), 'jarda', 2, 10);
INSERT INTO public.contact (id_contact, contact, id_contact_type, id_person) VALUES (nextval('contact_id_contact_seq'), '773525542', 3, 10);
INSERT INTO public.contact (id_contact, contact, id_contact_type, id_person) VALUES (nextval('contact_id_contact_seq'), 'jarda.menca@centrum.cz', 4, 10);
INSERT INTO public.contact (id_contact, contact, id_contact_type, id_person) VALUES (nextval('contact_id_contact_seq'), '845428485', 1, 11);
INSERT INTO public.contact (id_contact, contact, id_contact_type, id_person) VALUES (nextval('contact_id_contact_seq'), '776828485', 3, 11);
INSERT INTO public.contact (id_contact, contact, id_contact_type, id_person) VALUES (nextval('contact_id_contact_seq'), 'malinka.mir@centrum.cz', 4, 11);
INSERT INTO public.contact (id_contact, contact, id_contact_type, id_person) VALUES (nextval('contact_id_contact_seq'), '855458369', 1, 12);
INSERT INTO public.contact (id_contact, contact, id_contact_type, id_person) VALUES (nextval('contact_id_contact_seq'), '723258369', 3, 12);
INSERT INTO public.contact (id_contact, contact, id_contact_type, id_person) VALUES (nextval('contact_id_contact_seq'), 'latal.liba@verizon.com', 4, 12);
INSERT INTO public.contact (id_contact, contact, id_contact_type, id_person) VALUES (nextval('contact_id_contact_seq'), '77423475', 1, 13);
INSERT INTO public.contact (id_contact, contact, id_contact_type, id_person) VALUES (nextval('contact_id_contact_seq'), '774123475', 3, 13);
INSERT INTO public.contact (id_contact, contact, id_contact_type, id_person) VALUES (nextval('contact_id_contact_seq'), 'kubala@seznam.cz', 4, 13);
INSERT INTO public.contact (id_contact, contact, id_contact_type, id_person) VALUES (nextval('contact_id_contact_seq'), '522252756', 1, 14);
INSERT INTO public.contact (id_contact, contact, id_contact_type, id_person) VALUES (nextval('contact_id_contact_seq'), '735252756', 3, 14);
INSERT INTO public.contact (id_contact, contact, id_contact_type, id_person) VALUES (nextval('contact_id_contact_seq'), 'kalivodavid@seznam.cz', 4, 14);
INSERT INTO public.contact (id_contact, contact, id_contact_type, id_person) VALUES (nextval('contact_id_contact_seq'), '438424666', 1, 15);
INSERT INTO public.contact (id_contact, contact, id_contact_type, id_person) VALUES (nextval('contact_id_contact_seq'), '728424666', 3, 15);
INSERT INTO public.contact (id_contact, contact, id_contact_type, id_person) VALUES (nextval('contact_id_contact_seq'), 'smetak.janda@gmail.com', 4, 15);
INSERT INTO public.contact (id_contact, contact, id_contact_type, id_person) VALUES (nextval('contact_id_contact_seq'), '856587663', 1, 16);
INSERT INTO public.contact (id_contact, contact, id_contact_type, id_person) VALUES (nextval('contact_id_contact_seq'), '726587663', 3, 16);
INSERT INTO public.contact (id_contact, contact, id_contact_type, id_person) VALUES (nextval('contact_id_contact_seq'), 'fucha@seznam.cz', 4, 16);
INSERT INTO public.contact (id_contact, contact, id_contact_type, id_person) VALUES (nextval('contact_id_contact_seq'), '996548723', 1, 17);
INSERT INTO public.contact (id_contact, contact, id_contact_type, id_person) VALUES (nextval('contact_id_contact_seq'), '726548723', 3, 17);
INSERT INTO public.contact (id_contact, contact, id_contact_type, id_person) VALUES (nextval('contact_id_contact_seq'), 'bartostanda@seznam.cz', 4, 17);
INSERT INTO public.contact (id_contact, contact, id_contact_type, id_person) VALUES (nextval('contact_id_contact_seq'), '724963797', 3, 18);
INSERT INTO public.contact (id_contact, contact, id_contact_type, id_person) VALUES (nextval('contact_id_contact_seq'), 'svatopluk.benes@centrum.cz', 4, 18);
INSERT INTO public.contact (id_contact, contact, id_contact_type, id_person) VALUES (nextval('contact_id_contact_seq'), '774564320', 3, 19);
INSERT INTO public.contact (id_contact, contact, id_contact_type, id_person) VALUES (nextval('contact_id_contact_seq'), 'ambrosik@seznam.cz', 4, 19);
INSERT INTO public.contact (id_contact, contact, id_contact_type, id_person) VALUES (nextval('contact_id_contact_seq'), '875545965', 1, 20);
INSERT INTO public.contact (id_contact, contact, id_contact_type, id_person) VALUES (nextval('contact_id_contact_seq'), '775545965', 3, 20);
INSERT INTO public.contact (id_contact, contact, id_contact_type, id_person) VALUES (nextval('contact_id_contact_seq'), 'cermi.jarda@node.mendelu.cz', 4, 20);
INSERT INTO public.contact (id_contact, contact, id_contact_type, id_person) VALUES (nextval('contact_id_contact_seq'), '322264852', 1, 21);
INSERT INTO public.contact (id_contact, contact, id_contact_type, id_person) VALUES (nextval('contact_id_contact_seq'), 'jarca.cermakova', 2, 21);
INSERT INTO public.contact (id_contact, contact, id_contact_type, id_person) VALUES (nextval('contact_id_contact_seq'), '772264852', 3, 21);
INSERT INTO public.contact (id_contact, contact, id_contact_type, id_person) VALUES (nextval('contact_id_contact_seq'), 'jarca.cermakova@gmail.com', 4, 21);
INSERT INTO public.contact (id_contact, contact, id_contact_type, id_person) VALUES (nextval('contact_id_contact_seq'), '7413542', 1, 22);
INSERT INTO public.contact (id_contact, contact, id_contact_type, id_person) VALUES (nextval('contact_id_contact_seq'), 'dupalsvata', 2, 22);
INSERT INTO public.contact (id_contact, contact, id_contact_type, id_person) VALUES (nextval('contact_id_contact_seq'), '721253542', 3, 22);
INSERT INTO public.contact (id_contact, contact, id_contact_type, id_person) VALUES (nextval('contact_id_contact_seq'), 'dupalsvata@centrum.cz', 4, 22);
INSERT INTO public.contact (id_contact, contact, id_contact_type, id_person) VALUES (nextval('contact_id_contact_seq'), '654626512', 1, 23);
INSERT INTO public.contact (id_contact, contact, id_contact_type, id_person) VALUES (nextval('contact_id_contact_seq'), 'hopersona', 2, 23);
INSERT INTO public.contact (id_contact, contact, id_contact_type, id_person) VALUES (nextval('contact_id_contact_seq'), '722654752', 3, 23);
INSERT INTO public.contact (id_contact, contact, id_contact_type, id_person) VALUES (nextval('contact_id_contact_seq'), 'hopersona@seznam.cz', 4, 23);
INSERT INTO public.contact (id_contact, contact, id_contact_type, id_person) VALUES (nextval('contact_id_contact_seq'), '651238214', 1, 24);
INSERT INTO public.contact (id_contact, contact, id_contact_type, id_person) VALUES (nextval('contact_id_contact_seq'), 'luckahopersonova', 2, 24);
INSERT INTO public.contact (id_contact, contact, id_contact_type, id_person) VALUES (nextval('contact_id_contact_seq'), '731765214', 3, 24);
INSERT INTO public.contact (id_contact, contact, id_contact_type, id_person) VALUES (nextval('contact_id_contact_seq'), 'luckahopersonova@email.cz', 4, 24);
INSERT INTO public.contact (id_contact, contact, id_contact_type, id_person) VALUES (nextval('contact_id_contact_seq'), 'marki', 2, 25);
INSERT INTO public.contact (id_contact, contact, id_contact_type, id_person) VALUES (nextval('contact_id_contact_seq'), '774251714', 3, 25);
INSERT INTO public.contact (id_contact, contact, id_contact_type, id_person) VALUES (nextval('contact_id_contact_seq'), 'marki@seznam.cz', 4, 25);
INSERT INTO public.contact (id_contact, contact, id_contact_type, id_person) VALUES (nextval('contact_id_contact_seq'), 'judex.kristl', 2, 26);
INSERT INTO public.contact (id_contact, contact, id_contact_type, id_person) VALUES (nextval('contact_id_contact_seq'), '774954246', 3, 26);
INSERT INTO public.contact (id_contact, contact, id_contact_type, id_person) VALUES (nextval('contact_id_contact_seq'), 'judex.kristl@gmail.com', 4, 26);
INSERT INTO public.contact (id_contact, contact, id_contact_type, id_person) VALUES (nextval('contact_id_contact_seq'), 'kadlcikovakristynka', 2, 27);
INSERT INTO public.contact (id_contact, contact, id_contact_type, id_person) VALUES (nextval('contact_id_contact_seq'), '732725825', 3, 27);
INSERT INTO public.contact (id_contact, contact, id_contact_type, id_person) VALUES (nextval('contact_id_contact_seq'), 'kadlcikovakristynka@seznam.cz', 4, 27);
INSERT INTO public.contact (id_contact, contact, id_contact_type, id_person) VALUES (nextval('contact_id_contact_seq'), '105984462', 1, 28);
INSERT INTO public.contact (id_contact, contact, id_contact_type, id_person) VALUES (nextval('contact_id_contact_seq'), 'ladenka', 2, 28);
INSERT INTO public.contact (id_contact, contact, id_contact_type, id_person) VALUES (nextval('contact_id_contact_seq'), '734821462', 3, 28);
INSERT INTO public.contact (id_contact, contact, id_contact_type, id_person) VALUES (nextval('contact_id_contact_seq'), 'ladenka@centrum.cz', 4, 28);
INSERT INTO public.contact (id_contact, contact, id_contact_type, id_person) VALUES (nextval('contact_id_contact_seq'), '80554654', 1, 29);
INSERT INTO public.contact (id_contact, contact, id_contact_type, id_person) VALUES (nextval('contact_id_contact_seq'), 'kocmankalenka', 2, 29);
INSERT INTO public.contact (id_contact, contact, id_contact_type, id_person) VALUES (nextval('contact_id_contact_seq'), '732654654', 3, 29);
INSERT INTO public.contact (id_contact, contact, id_contact_type, id_person) VALUES (nextval('contact_id_contact_seq'), 'kocmankalenka@gmail.com', 4, 29);
INSERT INTO public.contact (id_contact, contact, id_contact_type, id_person) VALUES (nextval('contact_id_contact_seq'), '225421254', 1, 30);
INSERT INTO public.contact (id_contact, contact, id_contact_type, id_person) VALUES (nextval('contact_id_contact_seq'), 'kollarikova', 2, 30);
INSERT INTO public.contact (id_contact, contact, id_contact_type, id_person) VALUES (nextval('contact_id_contact_seq'), '775828254', 3, 30);
INSERT INTO public.contact (id_contact, contact, id_contact_type, id_person) VALUES (nextval('contact_id_contact_seq'), 'kollarikova@seznam.cz', 4, 30);
INSERT INTO public.contact (id_contact, contact, id_contact_type, id_person) VALUES (nextval('contact_id_contact_seq'), 'kollmannova.lena', 2, 31);
INSERT INTO public.contact (id_contact, contact, id_contact_type, id_person) VALUES (nextval('contact_id_contact_seq'), '774741524', 3, 31);
INSERT INTO public.contact (id_contact, contact, id_contact_type, id_person) VALUES (nextval('contact_id_contact_seq'), 'kollmannova.lena@verizon.com', 4, 31);
INSERT INTO public.contact (id_contact, contact, id_contact_type, id_person) VALUES (nextval('contact_id_contact_seq'), '651325419', 1, 32);
INSERT INTO public.contact (id_contact, contact, id_contact_type, id_person) VALUES (nextval('contact_id_contact_seq'), 'kovackovaleni', 2, 32);
INSERT INTO public.contact (id_contact, contact, id_contact_type, id_person) VALUES (nextval('contact_id_contact_seq'), '775595419', 3, 32);
INSERT INTO public.contact (id_contact, contact, id_contact_type, id_person) VALUES (nextval('contact_id_contact_seq'), 'kovackovaleni@cenrtum.cz', 4, 32);
INSERT INTO public.contact (id_contact, contact, id_contact_type, id_person) VALUES (nextval('contact_id_contact_seq'), '651321179', 1, 33);
INSERT INTO public.contact (id_contact, contact, id_contact_type, id_person) VALUES (nextval('contact_id_contact_seq'), 'andakollmann', 2, 33);
INSERT INTO public.contact (id_contact, contact, id_contact_type, id_person) VALUES (nextval('contact_id_contact_seq'), '723654179', 3, 33);
INSERT INTO public.contact (id_contact, contact, id_contact_type, id_person) VALUES (nextval('contact_id_contact_seq'), 'andakollmann@vutbr.cz', 4, 33);
INSERT INTO public.contact (id_contact, contact, id_contact_type, id_person) VALUES (nextval('contact_id_contact_seq'), '35653578', 1, 34);
INSERT INTO public.contact (id_contact, contact, id_contact_type, id_person) VALUES (nextval('contact_id_contact_seq'), 'kiiny', 2, 34);
INSERT INTO public.contact (id_contact, contact, id_contact_type, id_person) VALUES (nextval('contact_id_contact_seq'), '776853578', 3, 34);
INSERT INTO public.contact (id_contact, contact, id_contact_type, id_person) VALUES (nextval('contact_id_contact_seq'), 'kiiny@idnes.cz', 4, 34);


--
-- TOC entry 2245 (class 0 OID 18029)
-- Dependencies: 202
-- Data for Name: meeting; Type: TABLE DATA; Schema: public; Owner: postgres
--

INSERT INTO public.meeting (id_meeting, duration, note, place, start_time) VALUES (nextval('meeting_id_meeting_seq'), 12312, 'brusle', 'náměstí', '2007-10-17 01:42:49');
INSERT INTO public.meeting (id_meeting, duration, note, place, start_time) VALUES (nextval('meeting_id_meeting_seq'), 12312, NULL, 'park', '2007-10-27 15:00:00');
INSERT INTO public.meeting (id_meeting, duration, note, place, start_time) VALUES (nextval('meeting_id_meeting_seq'), 12312, NULL, 'škola', '2007-11-13 10:00:00');
INSERT INTO public.meeting (id_meeting, duration, note, place, start_time) VALUES (nextval('meeting_id_meeting_seq'), 12312, NULL, 'kino', '2007-10-14 20:00:00');
INSERT INTO public.meeting (id_meeting, duration, note, place, start_time) VALUES (nextval('meeting_id_meeting_seq'), 12312, 'květina', 'pod hodinami', '2007-10-18 22:00:00');
INSERT INTO public.meeting (id_meeting, duration, note, place, start_time) VALUES (nextval('meeting_id_meeting_seq'), 12312, NULL, 'divadlo', '2007-10-24 19:00:00');
INSERT INTO public.meeting (id_meeting, duration, note, place, start_time) VALUES (nextval('meeting_id_meeting_seq'), 12312, 'Bláhovka', 'Brno', '2007-12-30 10:45:00');
INSERT INTO public.meeting (id_meeting, duration, note, place, start_time) VALUES (nextval('meeting_id_meeting_seq'), 12312, 'Bláhovka', 'Brno', '2007-10-25 15:45:00');
INSERT INTO public.meeting (id_meeting, duration, note, place, start_time) VALUES (nextval('meeting_id_meeting_seq'), 12312, 'oběd', 'doma', '2007-11-26 12:00:00');
INSERT INTO public.meeting (id_meeting, duration, note, place, start_time) VALUES (nextval('meeting_id_meeting_seq'), 12312, NULL, 'park', '2007-12-17 16:30:00');
INSERT INTO public.meeting (id_meeting, duration, note, place, start_time) VALUES (nextval('meeting_id_meeting_seq'), 12312, 'Bláhovka', 'Brno', '2007-10-25 17:20:00');
INSERT INTO public.meeting (id_meeting, duration, note, place, start_time) VALUES (nextval('meeting_id_meeting_seq'), 12312, NULL, 'škola', '2007-10-28 06:50:00');
INSERT INTO public.meeting (id_meeting, duration, note, place, start_time) VALUES (nextval('meeting_id_meeting_seq'), 12312, 'Mendlák', 'Brno', '2008-01-10 15:45:00');
INSERT INTO public.meeting (id_meeting, duration, note, place, start_time) VALUES (nextval('meeting_id_meeting_seq'), 12312, 'BVV', 'Brno', '2007-11-02 20:20:00');
INSERT INTO public.meeting (id_meeting, duration, note, place, start_time) VALUES (nextval('meeting_id_meeting_seq'), 12312, 'oběd', 'doma', '2008-01-13 12:00:00');
INSERT INTO public.meeting (id_meeting, duration, note, place, start_time) VALUES (nextval('meeting_id_meeting_seq'), 12312, NULL, 'park', '2008-02-17 16:30:00');
INSERT INTO public.meeting (id_meeting, duration, note, place, start_time) VALUES (nextval('meeting_id_meeting_seq'), 12312, 'Bláhovka', 'Brno', '2008-01-15 17:00:00');
INSERT INTO public.meeting (id_meeting, duration, note, place, start_time) VALUES (nextval('meeting_id_meeting_seq'), 12312, NULL, 'škola', '2008-03-03 06:00:00');


--
-- TOC entry 2248 (class 0 OID 18043)
-- Dependencies: 205
-- Data for Name: person_has_meeting; Type: TABLE DATA; Schema: public; Owner: postgres
--

INSERT INTO public.person_has_meeting (id_person, id_meeting) VALUES (1, 1);
INSERT INTO public.person_has_meeting (id_person, id_meeting) VALUES (2, 1);
INSERT INTO public.person_has_meeting (id_person, id_meeting) VALUES (3, 1);
INSERT INTO public.person_has_meeting (id_person, id_meeting) VALUES (4, 1);
INSERT INTO public.person_has_meeting (id_person, id_meeting) VALUES (5, 1);
INSERT INTO public.person_has_meeting (id_person, id_meeting) VALUES (2, 2);
INSERT INTO public.person_has_meeting (id_person, id_meeting) VALUES (3, 2);
INSERT INTO public.person_has_meeting (id_person, id_meeting) VALUES (4, 3);


--
-- TOC entry 2255 (class 0 OID 18061)
-- Dependencies: 212
-- Data for Name: role; Type: TABLE DATA; Schema: public; Owner: postgres
--

INSERT INTO public.person_role (id_person, role) VALUES (1, 'ADMIN');
INSERT INTO public.person_role (id_person, role) VALUES (2, 'PERSON');
INSERT INTO public.person_role (id_person, role) VALUES (3, 'FIRST_LINE_MANAGER');
INSERT INTO public.person_role (id_person, role) VALUES (4, 'SECOND_LINE_MANAGER');
INSERT INTO public.person_role (id_person, role) VALUES (5, 'PERSON');
INSERT INTO public.person_role (id_person, role) VALUES (6, 'PERSON');
INSERT INTO public.person_role (id_person, role) VALUES (8, 'ADMIN');
INSERT INTO public.person_role (id_person, role) VALUES (9, 'PERSON');
INSERT INTO public.person_role (id_person, role) VALUES (10, 'FIRST_LINE_MANAGER');
INSERT INTO public.person_role (id_person, role) VALUES (11, 'SECOND_LINE_MANAGER');
INSERT INTO public.person_role (id_person, role) VALUES (12, 'PERSON');
INSERT INTO public.person_role (id_person, role) VALUES (13, 'PERSON');
INSERT INTO public.person_role (id_person, role) VALUES (14, 'PERSON');
INSERT INTO public.person_role (id_person, role) VALUES (15, 'ADMIN');
INSERT INTO public.person_role (id_person, role) VALUES (16, 'PERSON');
INSERT INTO public.person_role (id_person, role) VALUES (17, 'FIRST_LINE_MANAGER');
INSERT INTO public.person_role (id_person, role) VALUES (18, 'SECOND_LINE_MANAGER');
INSERT INTO public.person_role (id_person, role) VALUES (19, 'PERSON');
INSERT INTO public.person_role (id_person, role) VALUES (20, 'PERSON');
INSERT INTO public.person_role (id_person, role) VALUES (21, 'PERSON');
INSERT INTO public.person_role (id_person, role) VALUES (22, 'ADMIN');
INSERT INTO public.person_role (id_person, role) VALUES (23, 'PERSON');
INSERT INTO public.person_role (id_person, role) VALUES (24, 'FIRST_LINE_MANAGER');
INSERT INTO public.person_role (id_person, role) VALUES (25, 'SECOND_LINE_MANAGER');
INSERT INTO public.person_role (id_person, role) VALUES (26, 'PERSON');
INSERT INTO public.person_role (id_person, role) VALUES (27, 'PERSON');
INSERT INTO public.person_role (id_person, role) VALUES (28, 'PERSON');
INSERT INTO public.person_role (id_person, role) VALUES (29, 'ADMIN');
INSERT INTO public.person_role (id_person, role) VALUES (30, 'PERSON');
INSERT INTO public.person_role (id_person, role) VALUES (31, 'FIRST_LINE_MANAGER');
INSERT INTO public.person_role (id_person, role) VALUES (32, 'SECOND_LINE_MANAGER');
INSERT INTO public.person_role (id_person, role) VALUES (33, 'PERSON');
INSERT INTO public.person_role (id_person, role) VALUES (34, 'PERSON');
INSERT INTO public.person_role (id_person, role) VALUES (35, 'PERSON');
INSERT INTO public.person_role (id_person, role) VALUES (36, 'PERSON');
INSERT INTO public.person_role (id_person, role) VALUES (37, 'FIRST_LINE_MANAGER');
INSERT INTO public.person_role (id_person, role) VALUES (38, 'SECOND_LINE_MANAGER');
INSERT INTO public.person_role (id_person, role) VALUES (39, 'CEO');
INSERT INTO public.person_role (id_person, role) VALUES (40, 'CTO');
INSERT INTO public.person_role (id_person, role) VALUES (41, 'PERSON');
INSERT INTO public.person_role (id_person, role) VALUES (42, 'PERSON');


--
-- TOC entry 2253 (class 0 OID 18056)
-- Dependencies: 210
-- Data for Name: relationship_type; Type: TABLE DATA; Schema: public; Owner: postgres
--

INSERT INTO public.relationship_type (id_relationship_type, title) VALUES (nextval('relationship_type_id_relationship_type_seq'), 'friends');
INSERT INTO public.relationship_type (id_relationship_type, title) VALUES (nextval('relationship_type_id_relationship_type_seq'), 'married couple');
INSERT INTO public.relationship_type (id_relationship_type, title) VALUES (nextval('relationship_type_id_relationship_type_seq'), 'lovers');
INSERT INTO public.relationship_type (id_relationship_type, title) VALUES (nextval('relationship_type_id_relationship_type_seq'), 'enemies');
INSERT INTO public.relationship_type (id_relationship_type, title) VALUES (nextval('relationship_type_id_relationship_type_seq'), 'partners');
INSERT INTO public.relationship_type (id_relationship_type, title) VALUES (nextval('relationship_type_id_relationship_type_seq'), 'family');
INSERT INTO public.relationship_type (id_relationship_type, title) VALUES (nextval('relationship_type_id_relationship_type_seq'), 'acquaintance');
INSERT INTO public.relationship_type (id_relationship_type, title) VALUES (nextval('relationship_type_id_relationship_type_seq'), 'family lovers');

--
-- TOC entry 2251 (class 0 OID 18051)
-- Dependencies: 208
-- Data for Name: relationship; Type: TABLE DATA; Schema: public; Owner: postgres
--

INSERT INTO public.relationship (id_relationship, note, id_person1, id_person2, id_relationship_type) VALUES (nextval('relationship_id_relationship_seq'), NULL, 20, 21, 8);
INSERT INTO public.relationship (id_relationship, note, id_person1, id_person2, id_relationship_type) VALUES (nextval('relationship_id_relationship_seq'), NULL, 23, 24, 8);
INSERT INTO public.relationship (id_relationship, note, id_person1, id_person2, id_relationship_type) VALUES (nextval('relationship_id_relationship_seq'), NULL, 1, 39, 8);
INSERT INTO public.relationship (id_relationship, note, id_person1, id_person2, id_relationship_type) VALUES (nextval('relationship_id_relationship_seq'), NULL, 3, 37, 8);
INSERT INTO public.relationship (id_relationship, note, id_person1, id_person2, id_relationship_type) VALUES (nextval('relationship_id_relationship_seq'), NULL, 5, 36, 8);
INSERT INTO public.relationship (id_relationship, note, id_person1, id_person2, id_relationship_type) VALUES (nextval('relationship_id_relationship_seq'), NULL, 6, 3, 8);
INSERT INTO public.relationship (id_relationship, note, id_person1, id_person2, id_relationship_type) VALUES (nextval('relationship_id_relationship_seq'), NULL, 20, 12, 7);
INSERT INTO public.relationship (id_relationship, note, id_person1, id_person2, id_relationship_type) VALUES (nextval('relationship_id_relationship_seq'), NULL, 18, 16, 7);
INSERT INTO public.relationship (id_relationship, note, id_person1, id_person2, id_relationship_type) VALUES (nextval('relationship_id_relationship_seq'), NULL, 10, 29, 7);
INSERT INTO public.relationship (id_relationship, note, id_person1, id_person2, id_relationship_type) VALUES (nextval('relationship_id_relationship_seq'), NULL, 11, 30, 7);
INSERT INTO public.relationship (id_relationship, note, id_person1, id_person2, id_relationship_type) VALUES (nextval('relationship_id_relationship_seq'), NULL, 11, 35, 7);
INSERT INTO public.relationship (id_relationship, note, id_person1, id_person2, id_relationship_type) VALUES (nextval('relationship_id_relationship_seq'), NULL, 14, 24, 7);
INSERT INTO public.relationship (id_relationship, note, id_person1, id_person2, id_relationship_type) VALUES (nextval('relationship_id_relationship_seq'), NULL, 3, 25, 7);
INSERT INTO public.relationship (id_relationship, note, id_person1, id_person2, id_relationship_type) VALUES (nextval('relationship_id_relationship_seq'), NULL, 1, 24, 4);
INSERT INTO public.relationship (id_relationship, note, id_person1, id_person2, id_relationship_type) VALUES (nextval('relationship_id_relationship_seq'), NULL, 1, 25, 4);
INSERT INTO public.relationship (id_relationship, note, id_person1, id_person2, id_relationship_type) VALUES (nextval('relationship_id_relationship_seq'), NULL, 2, 26, 4);
INSERT INTO public.relationship (id_relationship, note, id_person1, id_person2, id_relationship_type) VALUES (nextval('relationship_id_relationship_seq'), NULL, 2, 30, 4);
INSERT INTO public.relationship (id_relationship, note, id_person1, id_person2, id_relationship_type) VALUES (nextval('relationship_id_relationship_seq'), NULL, 2, 35, 4);
INSERT INTO public.relationship (id_relationship, note, id_person1, id_person2, id_relationship_type) VALUES (nextval('relationship_id_relationship_seq'), NULL, 2, 6, 4);
INSERT INTO public.relationship (id_relationship, note, id_person1, id_person2, id_relationship_type) VALUES (nextval('relationship_id_relationship_seq'), NULL, 2, 8, 4);
INSERT INTO public.relationship (id_relationship, note, id_person1, id_person2, id_relationship_type) VALUES (nextval('relationship_id_relationship_seq'), NULL, 3, 16, 4);
INSERT INTO public.relationship (id_relationship, note, id_person1, id_person2, id_relationship_type) VALUES (nextval('relationship_id_relationship_seq'), NULL, 3, 24, 4);
INSERT INTO public.relationship (id_relationship, note, id_person1, id_person2, id_relationship_type) VALUES (nextval('relationship_id_relationship_seq'), NULL, 3, 32, 4);
INSERT INTO public.relationship (id_relationship, note, id_person1, id_person2, id_relationship_type) VALUES (nextval('relationship_id_relationship_seq'), NULL, 3, 36, 4);
INSERT INTO public.relationship (id_relationship, note, id_person1, id_person2, id_relationship_type) VALUES (nextval('relationship_id_relationship_seq'), NULL, 4, 15, 4);
INSERT INTO public.relationship (id_relationship, note, id_person1, id_person2, id_relationship_type) VALUES (nextval('relationship_id_relationship_seq'), NULL, 4, 21, 4);
INSERT INTO public.relationship (id_relationship, note, id_person1, id_person2, id_relationship_type) VALUES (nextval('relationship_id_relationship_seq'), NULL, 4, 23, 4);
INSERT INTO public.relationship (id_relationship, note, id_person1, id_person2, id_relationship_type) VALUES (nextval('relationship_id_relationship_seq'), NULL, 4, 12, 4);
INSERT INTO public.relationship (id_relationship, note, id_person1, id_person2, id_relationship_type) VALUES (nextval('relationship_id_relationship_seq'), NULL, 5, 17, 4);
INSERT INTO public.relationship (id_relationship, note, id_person1, id_person2, id_relationship_type) VALUES (nextval('relationship_id_relationship_seq'), NULL, 5, 19, 4);
INSERT INTO public.relationship (id_relationship, note, id_person1, id_person2, id_relationship_type) VALUES (nextval('relationship_id_relationship_seq'), NULL, 5, 22, 4);
INSERT INTO public.relationship (id_relationship, note, id_person1, id_person2, id_relationship_type) VALUES (nextval('relationship_id_relationship_seq'), NULL, 5, 29, 4);
INSERT INTO public.relationship (id_relationship, note, id_person1, id_person2, id_relationship_type) VALUES (nextval('relationship_id_relationship_seq'), NULL, 5, 32, 4);
INSERT INTO public.relationship (id_relationship, note, id_person1, id_person2, id_relationship_type) VALUES (nextval('relationship_id_relationship_seq'), NULL, 5, 34, 4);
INSERT INTO public.relationship (id_relationship, note, id_person1, id_person2, id_relationship_type) VALUES (nextval('relationship_id_relationship_seq'), NULL, 6, 17, 4);
INSERT INTO public.relationship (id_relationship, note, id_person1, id_person2, id_relationship_type) VALUES (nextval('relationship_id_relationship_seq'), NULL, 6, 19, 4);
INSERT INTO public.relationship (id_relationship, note, id_person1, id_person2, id_relationship_type) VALUES (nextval('relationship_id_relationship_seq'), NULL, 8, 22, 4);
INSERT INTO public.relationship (id_relationship, note, id_person1, id_person2, id_relationship_type) VALUES (nextval('relationship_id_relationship_seq'), NULL, 11, 35, 6);
INSERT INTO public.relationship (id_relationship, note, id_person1, id_person2, id_relationship_type) VALUES (nextval('relationship_id_relationship_seq'), NULL, 11, 36, 6);
INSERT INTO public.relationship (id_relationship, note, id_person1, id_person2, id_relationship_type) VALUES (nextval('relationship_id_relationship_seq'), NULL, 5, 34, 6);
INSERT INTO public.relationship (id_relationship, note, id_person1, id_person2, id_relationship_type) VALUES (nextval('relationship_id_relationship_seq'), NULL, 6, 36, 6);
INSERT INTO public.relationship (id_relationship, note, id_person1, id_person2, id_relationship_type) VALUES (nextval('relationship_id_relationship_seq'), NULL, 1, 30, 6);
INSERT INTO public.relationship (id_relationship, note, id_person1, id_person2, id_relationship_type) VALUES (nextval('relationship_id_relationship_seq'), NULL, 15, 29, 6);
INSERT INTO public.relationship (id_relationship, note, id_person1, id_person2, id_relationship_type) VALUES (nextval('relationship_id_relationship_seq'), NULL, 17, 34, 5);
INSERT INTO public.relationship (id_relationship, note, id_person1, id_person2, id_relationship_type) VALUES (nextval('relationship_id_relationship_seq'), NULL, 18, 37, 5);
INSERT INTO public.relationship (id_relationship, note, id_person1, id_person2, id_relationship_type) VALUES (nextval('relationship_id_relationship_seq'), NULL, 18, 22, 5);
INSERT INTO public.relationship (id_relationship, note, id_person1, id_person2, id_relationship_type) VALUES (nextval('relationship_id_relationship_seq'), NULL, 18, 29, 5);
INSERT INTO public.relationship (id_relationship, note, id_person1, id_person2, id_relationship_type) VALUES (nextval('relationship_id_relationship_seq'), NULL, 19, 31, 5);
INSERT INTO public.relationship (id_relationship, note, id_person1, id_person2, id_relationship_type) VALUES (nextval('relationship_id_relationship_seq'), NULL, 19, 38, 5);
INSERT INTO public.relationship (id_relationship, note, id_person1, id_person2, id_relationship_type) VALUES (nextval('relationship_id_relationship_seq'), NULL, 20, 27, 5);
INSERT INTO public.relationship (id_relationship, note, id_person1, id_person2, id_relationship_type) VALUES (nextval('relationship_id_relationship_seq'), NULL, 21, 27, 5);
INSERT INTO public.relationship (id_relationship, note, id_person1, id_person2, id_relationship_type) VALUES (nextval('relationship_id_relationship_seq'), NULL, 31, 34, 5);
INSERT INTO public.relationship (id_relationship, note, id_person1, id_person2, id_relationship_type) VALUES (nextval('relationship_id_relationship_seq'), NULL, 1, 21, 2);
INSERT INTO public.relationship (id_relationship, note, id_person1, id_person2, id_relationship_type) VALUES (nextval('relationship_id_relationship_seq'), NULL, 3, 23, 2);
INSERT INTO public.relationship (id_relationship, note, id_person1, id_person2, id_relationship_type) VALUES (nextval('relationship_id_relationship_seq'), NULL, 5, 24, 2);
INSERT INTO public.relationship (id_relationship, note, id_person1, id_person2, id_relationship_type) VALUES (nextval('relationship_id_relationship_seq'), NULL, 6, 28, 2);
INSERT INTO public.relationship (id_relationship, note, id_person1, id_person2, id_relationship_type) VALUES (nextval('relationship_id_relationship_seq'), NULL, 7, 32, 2);
INSERT INTO public.relationship (id_relationship, note, id_person1, id_person2, id_relationship_type) VALUES (nextval('relationship_id_relationship_seq'), NULL, 7, 34, 2);
INSERT INTO public.relationship (id_relationship, note, id_person1, id_person2, id_relationship_type) VALUES (nextval('relationship_id_relationship_seq'), NULL, 6, 34, 2);
INSERT INTO public.relationship (id_relationship, note, id_person1, id_person2, id_relationship_type) VALUES (nextval('relationship_id_relationship_seq'), NULL, 5, 34, 2);
INSERT INTO public.relationship (id_relationship, note, id_person1, id_person2, id_relationship_type) VALUES (nextval('relationship_id_relationship_seq'), NULL, 1, 24, 2);